<application>
  <component name="FindSettings">
    <option name="customScope" value="All Places" />
    <option name="defaultScopeName" value="All Places" />
    <option name="localCaseSensitive" value="true" />
    <option name="LOCAL_CASE_SENSITIVE_SEARCH" value="true" />
    <option name="SEARCH_SCOPE" value="All Places" />
    <recentFileMasks>
      <mask>*.jsp</mask>
      <mask>*.xml</mask>
      <mask>*.java</mask>
      <mask>*.as</mask>
      <mask>*.css</mask>
      <mask>*.mxml</mask>
      <mask>s</mask>
      <mask>*.s</mask>
      <mask>*.sc</mask>
      <mask>*.scs</mask>
      <mask>*.scss</mask>
      <mask>*.r</mask>
      <mask>*.rb</mask>
      <mask>*.p</mask>
      <mask>*.ph</mask>
      <mask>*.php</mask>
      <mask>*.j</mask>
      <mask>*.js</mask>
      <mask>c</mask>
      <mask>co</mask>
      <mask>cof</mask>
      <mask>coff</mask>
      <mask>*</mask>
      <mask>*.</mask>
      <mask>*.c</mask>
      <mask>*.co</mask>
      <mask>*.cof</mask>
      <mask>*.coff</mask>
      <mask>*.coffe</mask>
      <mask>*.coffee</mask>
    </recentFileMasks>
  </component>
</application>