<application>
  <component name="ProjectJdkTable">
    <jdk version="2">
      <name value="Android API 22 Platform" />
      <type value="Android SDK" />
      <version value="java version &quot;1.8.0_144&quot;" />
      <homePath value="$USER_HOME$/.android/sdk" />
      <roots>
        <annotationsPath>
          <root type="composite">
            <root url="jar://$APPLICATION_HOME_DIR$/plugins/android/lib/androidAnnotations.jar!/" type="simple" />
          </root>
        </annotationsPath>
        <classPath>
          <root type="composite">
            <root url="jar://$USER_HOME$/.android/sdk/platforms/android-22/android.jar!/" type="simple" />
            <root url="file://$USER_HOME$/.android/sdk/platforms/android-22/data/res" type="simple" />
          </root>
        </classPath>
        <javadocPath>
          <root type="composite">
            <root url="http://developer.android.com/reference/" type="simple" />
          </root>
        </javadocPath>
        <sourcePath>
          <root type="composite" />
        </sourcePath>
      </roots>
      <additional jdk="1.8" sdk="android-22" />
    </jdk>
    <jdk version="2">
      <name value="1.8" />
      <type value="JavaSDK" />
      <version value="java version &quot;1.8.0_144&quot;" />
      <homePath value="/usr/lib/jvm/java-8-jdk" />
      <roots>
        <annotationsPath>
          <root type="composite">
            <root url="jar://$APPLICATION_HOME_DIR$/lib/jdkAnnotations.jar!/" type="simple" />
          </root>
        </annotationsPath>
        <classPath>
          <root type="composite">
            <root url="jar:///usr/lib/jvm/java-8-jdk/jre/lib/charsets.jar!/" type="simple" />
            <root url="jar:///usr/lib/jvm/java-8-jdk/jre/lib/deploy.jar!/" type="simple" />
            <root url="jar:///usr/lib/jvm/java-8-jdk/jre/lib/ext/cldrdata.jar!/" type="simple" />
            <root url="jar:///usr/lib/jvm/java-8-jdk/jre/lib/ext/dnsns.jar!/" type="simple" />
            <root url="jar:///usr/lib/jvm/java-8-jdk/jre/lib/ext/jaccess.jar!/" type="simple" />
            <root url="jar:///usr/lib/jvm/java-8-jdk/jre/lib/ext/jfxrt.jar!/" type="simple" />
            <root url="jar:///usr/lib/jvm/java-8-jdk/jre/lib/ext/localedata.jar!/" type="simple" />
            <root url="jar:///usr/lib/jvm/java-8-jdk/jre/lib/ext/nashorn.jar!/" type="simple" />
            <root url="jar:///usr/lib/jvm/java-8-jdk/jre/lib/ext/sunec.jar!/" type="simple" />
            <root url="jar:///usr/lib/jvm/java-8-jdk/jre/lib/ext/sunjce_provider.jar!/" type="simple" />
            <root url="jar:///usr/lib/jvm/java-8-jdk/jre/lib/ext/sunpkcs11.jar!/" type="simple" />
            <root url="jar:///usr/lib/jvm/java-8-jdk/jre/lib/ext/zipfs.jar!/" type="simple" />
            <root url="jar:///usr/lib/jvm/java-8-jdk/jre/lib/javaws.jar!/" type="simple" />
            <root url="jar:///usr/lib/jvm/java-8-jdk/jre/lib/jce.jar!/" type="simple" />
            <root url="jar:///usr/lib/jvm/java-8-jdk/jre/lib/jfr.jar!/" type="simple" />
            <root url="jar:///usr/lib/jvm/java-8-jdk/jre/lib/jfxswt.jar!/" type="simple" />
            <root url="jar:///usr/lib/jvm/java-8-jdk/jre/lib/jsse.jar!/" type="simple" />
            <root url="jar:///usr/lib/jvm/java-8-jdk/jre/lib/management-agent.jar!/" type="simple" />
            <root url="jar:///usr/lib/jvm/java-8-jdk/jre/lib/plugin.jar!/" type="simple" />
            <root url="jar:///usr/lib/jvm/java-8-jdk/jre/lib/resources.jar!/" type="simple" />
            <root url="jar:///usr/lib/jvm/java-8-jdk/jre/lib/rt.jar!/" type="simple" />
          </root>
        </classPath>
        <javadocPath>
          <root type="composite" />
        </javadocPath>
        <sourcePath>
          <root type="composite">
            <root url="jar:///usr/lib/jvm/java-8-jdk/src.zip!/" type="simple" />
            <root url="jar:///usr/lib/jvm/java-8-jdk/javafx-src.zip!/" type="simple" />
          </root>
        </sourcePath>
      </roots>
      <additional />
    </jdk>
    <jdk version="2">
      <name value="Android API 24 Platform" />
      <type value="Android SDK" />
      <version value="java version &quot;1.8.0_144&quot;" />
      <homePath value="$USER_HOME$/.android/sdk" />
      <roots>
        <annotationsPath>
          <root type="composite">
            <root url="jar://$APPLICATION_HOME_DIR$/plugins/android/lib/androidAnnotations.jar!/" type="simple" />
          </root>
        </annotationsPath>
        <classPath>
          <root type="composite">
            <root url="jar://$USER_HOME$/.android/sdk/platforms/android-24/android.jar!/" type="simple" />
            <root url="file://$USER_HOME$/.android/sdk/platforms/android-24/data/res" type="simple" />
          </root>
        </classPath>
        <javadocPath>
          <root type="composite">
            <root url="http://developer.android.com/reference/" type="simple" />
          </root>
        </javadocPath>
        <sourcePath>
          <root type="composite" />
        </sourcePath>
      </roots>
      <additional jdk="1.8" sdk="android-24" />
    </jdk>
    <jdk version="2">
      <name value="Go" />
      <type value="Go SDK" />
      <version value="1.8.3" />
      <homePath value="/usr/lib/go" />
      <roots>
        <annotationsPath>
          <root type="composite" />
        </annotationsPath>
        <classPath>
          <root type="composite">
            <root url="file:///usr/lib/go/src" type="simple" />
          </root>
        </classPath>
        <javadocPath>
          <root type="composite" />
        </javadocPath>
        <sourcePath>
          <root type="composite">
            <root url="file:///usr/lib/go/src" type="simple" />
          </root>
        </sourcePath>
      </roots>
      <additional />
    </jdk>
    <jdk version="2">
      <name value="ruby-2.3.3-p222" />
      <type value="RUBY_SDK" />
      <version value="ver.2.3.3p0" />
      <homePath value="$USER_HOME$/.rvm/rubies/ruby-2.3.3/bin/ruby" />
      <roots>
        <annotationsPath>
          <root type="composite" />
        </annotationsPath>
        <classPath>
          <root type="composite">
            <root url="file://$USER_HOME$/.rvm/rubies/ruby-2.3.3/lib/ruby/site_ruby/2.3.0" type="simple" />
            <root url="file://$USER_HOME$/.rvm/rubies/ruby-2.3.3/lib/ruby/site_ruby/2.3.0/x86_64-linux" type="simple" />
            <root url="file://$USER_HOME$/.rvm/rubies/ruby-2.3.3/lib/ruby/site_ruby" type="simple" />
            <root url="file://$USER_HOME$/.rvm/rubies/ruby-2.3.3/lib/ruby/vendor_ruby/2.3.0" type="simple" />
            <root url="file://$USER_HOME$/.rvm/rubies/ruby-2.3.3/lib/ruby/vendor_ruby/2.3.0/x86_64-linux" type="simple" />
            <root url="file://$USER_HOME$/.rvm/rubies/ruby-2.3.3/lib/ruby/vendor_ruby" type="simple" />
            <root url="file://$USER_HOME$/.rvm/rubies/ruby-2.3.3/lib/ruby/2.3.0" type="simple" />
            <root url="file://$USER_HOME$/.rvm/rubies/ruby-2.3.3/lib/ruby/2.3.0/x86_64-linux" type="simple" />
            <root url="file://$APPLICATION_PLUGINS_DIR$/ruby/rubystubs/rubystubs23" type="simple" />
          </root>
        </classPath>
        <javadocPath>
          <root type="composite" />
        </javadocPath>
        <sourcePath>
          <root type="composite">
            <root url="file://$USER_HOME$/.rvm/rubies/ruby-2.3.3/lib/ruby/site_ruby/2.3.0" type="simple" />
            <root url="file://$USER_HOME$/.rvm/rubies/ruby-2.3.3/lib/ruby/site_ruby/2.3.0/x86_64-linux" type="simple" />
            <root url="file://$USER_HOME$/.rvm/rubies/ruby-2.3.3/lib/ruby/site_ruby" type="simple" />
            <root url="file://$USER_HOME$/.rvm/rubies/ruby-2.3.3/lib/ruby/vendor_ruby/2.3.0" type="simple" />
            <root url="file://$USER_HOME$/.rvm/rubies/ruby-2.3.3/lib/ruby/vendor_ruby/2.3.0/x86_64-linux" type="simple" />
            <root url="file://$USER_HOME$/.rvm/rubies/ruby-2.3.3/lib/ruby/vendor_ruby" type="simple" />
            <root url="file://$USER_HOME$/.rvm/rubies/ruby-2.3.3/lib/ruby/2.3.0" type="simple" />
            <root url="file://$USER_HOME$/.rvm/rubies/ruby-2.3.3/lib/ruby/2.3.0/x86_64-linux" type="simple" />
            <root url="file://$APPLICATION_PLUGINS_DIR$/ruby/rubystubs/rubystubs23" type="simple" />
          </root>
        </sourcePath>
      </roots>
      <additional />
    </jdk>
    <jdk version="2">
      <name value="Elixir 1.3.4" />
      <type value="Elixir SDK" />
      <version value="Elixir 1.3.4" />
      <homePath value="/usr/lib/elixir" />
      <roots>
        <annotationsPath>
          <root type="composite" />
        </annotationsPath>
        <classPath>
          <root type="composite">
            <root url="file:///usr/lib/elixir/lib" type="simple" />
          </root>
        </classPath>
        <javadocPath>
          <root type="composite">
            <root url="http://elixir-lang.org/docs/stable/elixir/" type="simple" />
          </root>
        </javadocPath>
        <sourcePath>
          <root type="composite">
            <root url="file:///usr/lib/elixir/lib" type="simple" />
          </root>
        </sourcePath>
      </roots>
      <additional />
    </jdk>
    <jdk version="2">
      <name value="RVM: ruby-2.3.3 [global] (1)" />
      <type value="RUBY_SDK" />
      <version value="ver.2.3.3p222 ( revision 56859) p222" />
      <homePath value="$USER_HOME$/.rvm/rubies/ruby-2.3.3/bin/ruby" />
      <roots>
        <annotationsPath>
          <root type="composite" />
        </annotationsPath>
        <classPath>
          <root type="composite">
            <root url="file://$USER_HOME$/.rvm/gems/ruby-2.3.3@global/gems/did_you_mean-1.0.0/lib" type="simple" />
            <root url="file://$USER_HOME$/.rvm/rubies/ruby-2.3.3/lib/ruby/site_ruby/2.3.0" type="simple" />
            <root url="file://$USER_HOME$/.rvm/rubies/ruby-2.3.3/lib/ruby/site_ruby/2.3.0/x86_64-linux" type="simple" />
            <root url="file://$USER_HOME$/.rvm/rubies/ruby-2.3.3/lib/ruby/site_ruby" type="simple" />
            <root url="file://$USER_HOME$/.rvm/rubies/ruby-2.3.3/lib/ruby/vendor_ruby/2.3.0" type="simple" />
            <root url="file://$USER_HOME$/.rvm/rubies/ruby-2.3.3/lib/ruby/vendor_ruby/2.3.0/x86_64-linux" type="simple" />
            <root url="file://$USER_HOME$/.rvm/rubies/ruby-2.3.3/lib/ruby/vendor_ruby" type="simple" />
            <root url="file://$USER_HOME$/.rvm/rubies/ruby-2.3.3/lib/ruby/2.3.0" type="simple" />
            <root url="file://$USER_HOME$/.rvm/rubies/ruby-2.3.3/lib/ruby/2.3.0/x86_64-linux" type="simple" />
            <root url="file://$APPLICATION_PLUGINS_DIR$/ruby/rubystubs/rubystubs23" type="simple" />
          </root>
        </classPath>
        <javadocPath>
          <root type="composite" />
        </javadocPath>
        <sourcePath>
          <root type="composite">
            <root url="file://$USER_HOME$/.rvm/gems/ruby-2.3.3@global/gems/did_you_mean-1.0.0/lib" type="simple" />
            <root url="file://$USER_HOME$/.rvm/rubies/ruby-2.3.3/lib/ruby/site_ruby/2.3.0" type="simple" />
            <root url="file://$USER_HOME$/.rvm/rubies/ruby-2.3.3/lib/ruby/site_ruby/2.3.0/x86_64-linux" type="simple" />
            <root url="file://$USER_HOME$/.rvm/rubies/ruby-2.3.3/lib/ruby/site_ruby" type="simple" />
            <root url="file://$USER_HOME$/.rvm/rubies/ruby-2.3.3/lib/ruby/vendor_ruby/2.3.0" type="simple" />
            <root url="file://$USER_HOME$/.rvm/rubies/ruby-2.3.3/lib/ruby/vendor_ruby/2.3.0/x86_64-linux" type="simple" />
            <root url="file://$USER_HOME$/.rvm/rubies/ruby-2.3.3/lib/ruby/vendor_ruby" type="simple" />
            <root url="file://$USER_HOME$/.rvm/rubies/ruby-2.3.3/lib/ruby/2.3.0" type="simple" />
            <root url="file://$USER_HOME$/.rvm/rubies/ruby-2.3.3/lib/ruby/2.3.0/x86_64-linux" type="simple" />
            <root url="file://$APPLICATION_PLUGINS_DIR$/ruby/rubystubs/rubystubs23" type="simple" />
          </root>
        </sourcePath>
      </roots>
      <additional />
    </jdk>
  </component>
</application>