<keymap version="1" name="Default copy" parent="$default">
  <action id="CloseContent">
    <keyboard-shortcut first-keystroke="ctrl f4" />
    <keyboard-shortcut first-keystroke="ctrl w" />
  </action>
  <action id="ReformatCode">
    <keyboard-shortcut first-keystroke="ctrl alt l" />
    <keyboard-shortcut first-keystroke="ctrl altGraph l" />
    <keyboard-shortcut first-keystroke="ctrl l" />
  </action>
  <action id="SplitHorizontally">
    <keyboard-shortcut first-keystroke="alt d" />
  </action>
  <action id="SplitVertically">
    <keyboard-shortcut first-keystroke="alt r" />
  </action>
  <action id="ToggleFullScreen">
    <keyboard-shortcut first-keystroke="alt f" />
  </action>
  <action id="ToggleZenMode">
    <keyboard-shortcut first-keystroke="alt z" />
  </action>
</keymap>